{
  "Top": "testloop",
  "RtlTop": "testloop",
  "RtlPrefix": "",
  "SourceLanguage": "cpp",
  "ResetStyle": "control",
  "GenerateBdFiles": "0",
  "HostMachineBits": "64",
  "Target": {
    "Family": "zynq",
    "Device": "xc7z020",
    "Package": "-clg400",
    "Speed": "-1"
  },
  "HlsSolution": {
    
  },
  "Args": {
    "A": {
      "index": "0",
      "type": {
        "dataType": "int",
        "dataWidth": "32",
        "interfaceRef": "s_axi_AXILiteS",
        "registerRefs": ["A"]
      }
    },
    "X": {
      "index": "1",
      "type": {
        "dataType": "int",
        "dataWidth": "32",
        "interfaceRef": "s_axi_AXILiteS",
        "registerRefs": ["X"]
      }
    }
  },
  "Return": {
    
  },
  "ClockInfo": {
    "ClockName": "ap_clk",
    "ClockPeriod": "10",
    "IsCombLogic": "0",
    "II": "x",
    "Latency": "5",
    "Uncertainty": "1.25"
  },
  "Xdc": {"OocClocks": ["create_clock -name ap_clk -period 10.000 [get_ports ap_clk]"]},
  "Ipx": {
    "Vendor": "xilinx.com",
    "Library": "hls",
    "Name": "testloop",
    "Version": "1.0",
    "DisplayName": "Testloop",
    "Revision": "",
    "Description": "An IP generated by Vivado HLS",
    "Taxonomy": "\/VIVADO_HLS_IP",
    "AutoFamilySupport": ""
  },
  "Files": {
    "CSource": ["..\/..\/HLS_source_code\/testloop.cpp"],
    "Vhdl": [
      "impl\/vhdl\/testloop_AXILiteS_s_axi.vhd",
      "impl\/vhdl\/testloop.vhd"
    ],
    "Verilog": [
      "impl\/verilog\/testloop_AXILiteS_s_axi.v",
      "impl\/verilog\/testloop.v"
    ],
    "SwDriver": [
      "impl\/misc\/drivers\/testloop_v1_0\/data\/testloop.mdd",
      "impl\/misc\/drivers\/testloop_v1_0\/data\/testloop.tcl",
      "impl\/misc\/drivers\/testloop_v1_0\/src\/Makefile",
      "impl\/misc\/drivers\/testloop_v1_0\/src\/xtestloop.c",
      "impl\/misc\/drivers\/testloop_v1_0\/src\/xtestloop.h",
      "impl\/misc\/drivers\/testloop_v1_0\/src\/xtestloop_hw.h",
      "impl\/misc\/drivers\/testloop_v1_0\/src\/xtestloop_linux.c",
      "impl\/misc\/drivers\/testloop_v1_0\/src\/xtestloop_sinit.c"
    ],
    "Misc": ["impl\/misc\/logo.png"],
    "DesignXml": "D:\/FPGA\/Lab2_testloop\/hls_project\/solution1\/.autopilot\/db\/testloop.design.xml",
    "DebugDir": "D:\/FPGA\/Lab2_testloop\/hls_project\/solution1\/.debug",
    "ProtoInst": ["D:\/FPGA\/Lab2_testloop\/hls_project\/solution1\/.debug\/testloop.protoinst"]
  },
  "SubcoreInfo": {
    "HasXpmMemory": false,
    "HasClockedDsp": false,
    "IP": []
  },
  "Interfaces": {
    "ap_clk": {
      "type": "clock",
      "ctype": {"CLK": {"Type": "bool"}},
      "bundle_name": "ap_clk",
      "bundle_role": "default",
      "buses": "s_axi_AXILiteS",
      "reset": "ap_rst_n"
    },
    "ap_rst_n": {
      "type": "reset",
      "polarity": "ACTIVE_LOW",
      "ctype": {"RST": {"Type": "bool"}},
      "bundle_name": "ap_rst_n",
      "bundle_role": "default"
    },
    "s_axi_AXILiteS": {
      "type": "axi4lite",
      "is_adaptor": "true",
      "mode": "slave",
      "port_prefix": "s_axi_AXILiteS",
      "param_prefix": "C_S_AXI_AXILITES",
      "addr_bits": "5",
      "registers": [
        {
          "offset": "0x10",
          "name": "A",
          "access": "W",
          "reset_value": "0x0",
          "description": "Data signal of A",
          "fields": [{
              "offset": "0",
              "width": "32",
              "name": "A",
              "access": "W",
              "reset_value": "0",
              "description": "Bit 31 to 0 Data signal of A"
            }]
        },
        {
          "offset": "0x18",
          "name": "X",
          "access": "R",
          "reset_value": "0x0",
          "description": "Data signal of X",
          "fields": [{
              "offset": "0",
              "width": "32",
              "name": "X",
              "access": "R",
              "reset_value": "0",
              "description": "Bit 31 to 0 Data signal of X"
            }]
        },
        {
          "offset": "0x1c",
          "name": "X_ctrl",
          "access": "R",
          "reset_value": "0x0",
          "description": "Control signal of X",
          "fields": [
            {
              "offset": "0",
              "width": "1",
              "name": "X_ap_vld",
              "access": "R",
              "reset_value": "0",
              "description": "Control signal X_ap_vld"
            },
            {
              "offset": "1",
              "width": "31",
              "name": "RESERVED",
              "access": "R",
              "reset_value": "0",
              "description": "Reserved.  0s on read."
            }
          ]
        }
      ],
      "ctype": {
        "AWVALID": {"Type": "bool"},
        "AWREADY": {"Type": "bool"},
        "WVALID": {"Type": "bool"},
        "WREADY": {"Type": "bool"},
        "BVALID": {"Type": "bool"},
        "BREADY": {"Type": "bool"},
        "BRESP": {
          "Type": "integer unsigned",
          "Width": "2"
        },
        "ARVALID": {"Type": "bool"},
        "ARREADY": {"Type": "bool"},
        "RVALID": {"Type": "bool"},
        "RREADY": {"Type": "bool"},
        "RRESP": {
          "Type": "integer unsigned",
          "Width": "2"
        },
        "AWADDR": {
          "Type": "integer unsigned",
          "Width": "5"
        },
        "WDATA": {
          "Type": "integer signed",
          "Width": "32"
        },
        "WSTRB": {
          "Type": "integer unsigned",
          "Width": "4"
        },
        "ARADDR": {
          "Type": "integer unsigned",
          "Width": "5"
        },
        "RDATA": {
          "Type": "integer signed",
          "Width": "32"
        }
      },
      "data_width": "32",
      "port_width": {
        "ARADDR": "5",
        "AWADDR": "5",
        "RDATA": "32",
        "WDATA": "32",
        "WSTRB": "4"
      }
    }
  },
  "RtlPorts": {
    "s_axi_AXILiteS_AWVALID": {
      "dir": "in",
      "width": "1"
    },
    "s_axi_AXILiteS_AWREADY": {
      "dir": "out",
      "width": "1"
    },
    "s_axi_AXILiteS_AWADDR": {
      "dir": "in",
      "width": "5"
    },
    "s_axi_AXILiteS_WVALID": {
      "dir": "in",
      "width": "1"
    },
    "s_axi_AXILiteS_WREADY": {
      "dir": "out",
      "width": "1"
    },
    "s_axi_AXILiteS_WDATA": {
      "dir": "in",
      "width": "32"
    },
    "s_axi_AXILiteS_WSTRB": {
      "dir": "in",
      "width": "4"
    },
    "s_axi_AXILiteS_ARVALID": {
      "dir": "in",
      "width": "1"
    },
    "s_axi_AXILiteS_ARREADY": {
      "dir": "out",
      "width": "1"
    },
    "s_axi_AXILiteS_ARADDR": {
      "dir": "in",
      "width": "5"
    },
    "s_axi_AXILiteS_RVALID": {
      "dir": "out",
      "width": "1"
    },
    "s_axi_AXILiteS_RREADY": {
      "dir": "in",
      "width": "1"
    },
    "s_axi_AXILiteS_RDATA": {
      "dir": "out",
      "width": "32"
    },
    "s_axi_AXILiteS_RRESP": {
      "dir": "out",
      "width": "2"
    },
    "s_axi_AXILiteS_BVALID": {
      "dir": "out",
      "width": "1"
    },
    "s_axi_AXILiteS_BREADY": {
      "dir": "in",
      "width": "1"
    },
    "s_axi_AXILiteS_BRESP": {
      "dir": "out",
      "width": "2"
    },
    "ap_clk": {
      "dir": "in",
      "width": "1"
    },
    "ap_rst_n": {
      "dir": "in",
      "width": "1"
    }
  },
  "ModuleInfo": {
    "Hierarchy": {"ModuleName": "testloop"},
    "Info": {"testloop": {
        "FunctionProtocol": "ap_ctrl_none",
        "isTaskLevelControl": "1",
        "isPipelined": "0",
        "isCombinational": "0",
        "isOneStateSeq": "0"
      }},
    "Metrics": {"testloop": {
        "Latency": {
          "LatencyBest": "5",
          "LatencyAvg": "5",
          "LatencyWorst": "5",
          "PipelineII": "6",
          "PipelineDepth": "",
          "PipelineType": "none"
        },
        "Timing": {
          "Target": "10.00",
          "Uncertainty": "1.25",
          "Estimate": "8.510"
        },
        "Area": {
          "BRAM_18K": "0",
          "DSP48E": "15",
          "FF": "461",
          "LUT": "515",
          "URAM": "0"
        }
      }}
  },
  "Sdx": {
    "Target": "none",
    "ProfileOption": "0",
    "ProfileType": "none",
    "XO": "",
    "KernelName": "testloop",
    "EnableXoSwEmu": "1"
  },
  "GenData": {
    "DataVersion": "0.2",
    "Time": "2022-08-04 16:10:15 +0800",
    "ToolName": "vivado_hls",
    "ToolVersion": "2019.1"
  }
}
