<?xml version="1.0" encoding="UTF-8"?>
<vivadoHLSLog:LogRoot xmlns:vivadoHLSLog="www.xilinx.com/vivadoHLSLog">
  <errorLogs>
    <logs>
      <synLog/>
      <simLog/>
      <mgLog/>
      <packageLog>
        <logs message="ERROR: [IMPL 213-28] Failed to generate IP.&#xD;&#xA;command 'ap_source' returned error code&#xD;&#xA;    while executing&#xD;&#xA;&quot;source D:/FPGA/Lab2_testloop/hls_project/solution1/export.tcl&quot;&#xD;&#xA;    invoked from within&#xD;&#xA;&quot;hls::main D:/FPGA/Lab2_testloop/hls_project/solution1/export.tcl&quot;&#xD;&#xA;    (&quot;uplevel&quot; body line 1)&#xD;&#xA;    invoked from within&#xD;&#xA;&quot;uplevel 1 hls::main {*}$args&quot;&#xD;&#xA;    (procedure &quot;hls_proc&quot; line 5)&#xD;&#xA;    invoked from within&#xD;&#xA;&quot;hls_proc $argv&quot;&#xD;&#xA;" projectName="hls_project" solutionName="solution1" date="2022-08-04T16:19:47.648+0800"/>
      </packageLog>
      <csimLog/>
    </logs>
  </errorLogs>
  <warningLogs>
    <logs>
      <synLog>
        <logs message="WARNING: [HLS 200-40] In file included from HLS_source_code/testloop.cpp:1:&#xD;&#xA;In file included from HLS_source_code/testloop.h:1:&#xD;&#xA;D:/Xilinx/Vivado/2019.1/common/technology/autopilot\ap_cint.h:59:2: warning: This header file cannot be used in a C++ design. C-synthesis will fail.  [-W#warnings]&#xD;&#xA;#warning This header file cannot be used in a C++ design. C-synthesis will fail. &#xD;&#xA; ^&#xD;&#xA;1 warning generated." projectName="hls_project" solutionName="solution1" date="2022-08-04T16:10:09.835+0800" type="Warning"/>
      </synLog>
      <simLog/>
      <mgLog/>
      <packageLog/>
      <csimLog/>
    </logs>
  </warningLogs>
</vivadoHLSLog:LogRoot>
