<stg><name>testloop</name>


<trans_list>

<trans id="35" from="1" to="2">
<condition id="-1">
<or_exp><and_exp></and_exp></or_exp>
</condition>
</trans>

<trans id="36" from="2" to="3">
<condition id="-1">
<or_exp><and_exp></and_exp></or_exp>
</condition>
</trans>

<trans id="37" from="3" to="4">
<condition id="-1">
<or_exp><and_exp></and_exp></or_exp>
</condition>
</trans>

<trans id="38" from="4" to="5">
<condition id="-1">
<or_exp><and_exp></and_exp></or_exp>
</condition>
</trans>

<trans id="39" from="5" to="6">
<condition id="-1">
<or_exp><and_exp></and_exp></or_exp>
</condition>
</trans>
</trans_list>



<state_list>

<state id="1" st_id="1">

<operation id="7" st_id="1" stage="1" lat="1">
<core>s_axilite</core>
<MemPortIdVec></MemPortIdVec>
<condition id="-1">
<or_exp><and_exp></and_exp></or_exp>
</condition>

<Node id="6" bw="32" op_0_bw="32" op_1_bw="32">
<![CDATA[
:3  %A_read = call i32 @_ssdm_op_Read.s_axilite.i32(i32 %A) nounwind

]]></Node>
<StgValue><ssdm name="A_read"/></StgValue>
</operation>

<operation id="8" st_id="1" stage="1" lat="1">
<core>Cmp</core>
<MemPortIdVec></MemPortIdVec>
<condition id="-1">
<or_exp><and_exp></and_exp></or_exp>
</condition>

<Node id="10" bw="1" op_0_bw="32" op_1_bw="32">
<![CDATA[
:7  %empty = icmp sgt i32 %A_read, 0

]]></Node>
<StgValue><ssdm name="empty"/></StgValue>
</operation>

<operation id="9" st_id="1" stage="1" lat="1">
<core>NULL</core>
<MemPortIdVec></MemPortIdVec>
<condition id="-1">
<or_exp><and_exp></and_exp></or_exp>
</condition>

<Node id="11" bw="31" op_0_bw="32">
<![CDATA[
:8  %empty_6 = trunc i32 %A_read to i31

]]></Node>
<StgValue><ssdm name="empty_6"/></StgValue>
</operation>

<operation id="10" st_id="1" stage="1" lat="1">
<core>Sel</core>
<MemPortIdVec></MemPortIdVec>
<condition id="-1">
<or_exp><and_exp></and_exp></or_exp>
</condition>

<Node id="12" bw="31" op_0_bw="1" op_1_bw="31" op_2_bw="31">
<![CDATA[
:9  %smax = select i1 %empty, i31 %empty_6, i31 0

]]></Node>
<StgValue><ssdm name="smax"/></StgValue>
</operation>

<operation id="11" st_id="1" stage="1" lat="1">
<core>NULL</core>
<MemPortIdVec></MemPortIdVec>
<condition id="-1">
<or_exp><and_exp></and_exp></or_exp>
</condition>

<Node id="13" bw="32" op_0_bw="31">
<![CDATA[
:10  %smax_cast = zext i31 %smax to i32

]]></Node>
<StgValue><ssdm name="smax_cast"/></StgValue>
</operation>

<operation id="12" st_id="1" stage="1" lat="1">
<core>AddSub</core>
<MemPortIdVec></MemPortIdVec>
<condition id="-1">
<or_exp><and_exp></and_exp></or_exp>
</condition>

<Node id="15" bw="32" op_0_bw="32" op_1_bw="32">
<![CDATA[
:12  %add_ln10 = add i32 -1, %smax_cast

]]></Node>
<StgValue><ssdm name="add_ln10"/></StgValue>
</operation>

<operation id="13" st_id="1" stage="1" lat="1">
<core>AddSub</core>
<MemPortIdVec></MemPortIdVec>
<condition id="-1">
<or_exp><and_exp></and_exp></or_exp>
</condition>

<Node id="22" bw="32" op_0_bw="32" op_1_bw="32">
<![CDATA[
:19  %add_ln10_1 = add i32 -1, %A_read

]]></Node>
<StgValue><ssdm name="add_ln10_1"/></StgValue>
</operation>
</state>

<state id="2" st_id="2">

<operation id="14" st_id="2" stage="1" lat="1">
<core>NULL</core>
<MemPortIdVec></MemPortIdVec>
<condition id="-1">
<or_exp><and_exp></and_exp></or_exp>
</condition>

<Node id="14" bw="33" op_0_bw="31">
<![CDATA[
:11  %empty_7 = zext i31 %smax to i33

]]></Node>
<StgValue><ssdm name="empty_7"/></StgValue>
</operation>

<operation id="15" st_id="2" stage="1" lat="1">
<core>NULL</core>
<MemPortIdVec></MemPortIdVec>
<condition id="-1">
<or_exp><and_exp></and_exp></or_exp>
</condition>

<Node id="16" bw="33" op_0_bw="32">
<![CDATA[
:13  %empty_8 = zext i32 %add_ln10 to i33

]]></Node>
<StgValue><ssdm name="empty_8"/></StgValue>
</operation>

<operation id="16" st_id="2" stage="1" lat="1">
<core>Mul</core>
<MemPortIdVec></MemPortIdVec>
<condition id="-1">
<or_exp><and_exp></and_exp></or_exp>
</condition>

<Node id="17" bw="33" op_0_bw="33" op_1_bw="33">
<![CDATA[
:14  %mul_ln10 = mul i33 %empty_8, %empty_7

]]></Node>
<StgValue><ssdm name="mul_ln10"/></StgValue>
</operation>

<operation id="17" st_id="2" stage="1" lat="1">
<core>NULL</core>
<MemPortIdVec></MemPortIdVec>
<condition id="-1">
<or_exp><and_exp></and_exp></or_exp>
</condition>

<Node id="18" bw="32" op_0_bw="32" op_1_bw="33" op_2_bw="32" op_3_bw="32">
<![CDATA[
:15  %tmp = call i32 @_ssdm_op_PartSelect.i32.i33.i32.i32(i33 %mul_ln10, i32 1, i32 32)

]]></Node>
<StgValue><ssdm name="tmp"/></StgValue>
</operation>

<operation id="18" st_id="2" stage="1" lat="1">
<core>NULL</core>
<MemPortIdVec></MemPortIdVec>
<condition id="-1">
<or_exp><and_exp></and_exp></or_exp>
</condition>

<Node id="19" bw="32" op_0_bw="32" op_1_bw="32">
<![CDATA[
:16  %shl_ln10 = shl i32 %A_read, 2

]]></Node>
<StgValue><ssdm name="shl_ln10"/></StgValue>
</operation>

<operation id="19" st_id="2" stage="1" lat="1">
<core>AddSub</core>
<MemPortIdVec></MemPortIdVec>
<condition id="-1">
<or_exp><and_exp></and_exp></or_exp>
</condition>

<Node id="20" bw="32" op_0_bw="32" op_1_bw="32">
<![CDATA[
:17  %sub_ln10_1 = sub i32 %shl_ln10, %A_read

]]></Node>
<StgValue><ssdm name="sub_ln10_1"/></StgValue>
</operation>

<operation id="20" st_id="2" stage="1" lat="1">
<core>Mul</core>
<MemPortIdVec></MemPortIdVec>
<condition id="-1">
<or_exp><and_exp></and_exp></or_exp>
</condition>

<Node id="23" bw="32" op_0_bw="32" op_1_bw="32">
<![CDATA[
:20  %mul_ln10_2 = mul i32 %A_read, %add_ln10_1

]]></Node>
<StgValue><ssdm name="mul_ln10_2"/></StgValue>
</operation>

<operation id="21" st_id="2" stage="1" lat="1">
<core>NULL</core>
<MemPortIdVec></MemPortIdVec>
<condition id="-1">
<or_exp><and_exp></and_exp></or_exp>
</condition>

<Node id="24" bw="31" op_0_bw="31" op_1_bw="32" op_2_bw="32" op_3_bw="32">
<![CDATA[
:21  %trunc_ln = call i31 @_ssdm_op_PartSelect.i31.i32.i32.i32(i32 %mul_ln10_2, i32 1, i32 31)

]]></Node>
<StgValue><ssdm name="trunc_ln"/></StgValue>
</operation>
</state>

<state id="3" st_id="3">

<operation id="22" st_id="3" stage="1" lat="1">
<core>Mul</core>
<MemPortIdVec></MemPortIdVec>
<condition id="-1">
<or_exp><and_exp></and_exp></or_exp>
</condition>

<Node id="21" bw="32" op_0_bw="32" op_1_bw="32">
<![CDATA[
:18  %mul_ln10_1 = mul i32 %sub_ln10_1, %tmp

]]></Node>
<StgValue><ssdm name="mul_ln10_1"/></StgValue>
</operation>

<operation id="23" st_id="3" stage="1" lat="1">
<core>Mul</core>
<MemPortIdVec></MemPortIdVec>
<condition id="-1">
<or_exp><and_exp></and_exp></or_exp>
</condition>

<Node id="25" bw="31" op_0_bw="31" op_1_bw="31">
<![CDATA[
:22  %mul_ln10_3 = mul i31 %trunc_ln, %smax

]]></Node>
<StgValue><ssdm name="mul_ln10_3"/></StgValue>
</operation>
</state>

<state id="4" st_id="4">

<operation id="24" st_id="4" stage="1" lat="1">
<core>NULL</core>
<MemPortIdVec></MemPortIdVec>
<condition id="-1">
<or_exp><and_exp></and_exp></or_exp>
</condition>

<Node id="26" bw="32" op_0_bw="32" op_1_bw="31" op_2_bw="1">
<![CDATA[
:23  %shl_ln10_1 = call i32 @_ssdm_op_BitConcatenate.i32.i31.i1(i31 %mul_ln10_3, i1 false)

]]></Node>
<StgValue><ssdm name="shl_ln10_1"/></StgValue>
</operation>

<operation id="25" st_id="4" stage="1" lat="1">
<core>AddSub</core>
<MemPortIdVec></MemPortIdVec>
<condition id="-1">
<or_exp><and_exp></and_exp></or_exp>
</condition>

<Node id="27" bw="32" op_0_bw="32" op_1_bw="32">
<![CDATA[
:24  %sub_ln10 = sub i32 %mul_ln10_1, %shl_ln10_1

]]></Node>
<StgValue><ssdm name="sub_ln10"/></StgValue>
</operation>
</state>

<state id="5" st_id="5">

<operation id="26" st_id="5" stage="1" lat="1">
<core>Mul</core>
<MemPortIdVec></MemPortIdVec>
<condition id="-1">
<or_exp><and_exp></and_exp></or_exp>
</condition>

<Node id="28" bw="32" op_0_bw="32" op_1_bw="32">
<![CDATA[
:25  %accum = mul i32 %A_read, %sub_ln10

]]></Node>
<StgValue><ssdm name="accum"/></StgValue>
</operation>
</state>

<state id="6" st_id="6">

<operation id="27" st_id="6" stage="1" lat="1">
<core>NULL</core>
<MemPortIdVec></MemPortIdVec>
<condition id="-1">
<or_exp><and_exp></and_exp></or_exp>
</condition>

<Node id="3" bw="0" op_0_bw="0" op_1_bw="32">
<![CDATA[
:0  call void (...)* @_ssdm_op_SpecBitsMap(i32 %A) nounwind, !map !7

]]></Node>
<StgValue><ssdm name="specbitsmap_ln0"/></StgValue>
</operation>

<operation id="28" st_id="6" stage="1" lat="1">
<core>NULL</core>
<MemPortIdVec></MemPortIdVec>
<condition id="-1">
<or_exp><and_exp></and_exp></or_exp>
</condition>

<Node id="4" bw="0" op_0_bw="0" op_1_bw="32">
<![CDATA[
:1  call void (...)* @_ssdm_op_SpecBitsMap(i32* %X) nounwind, !map !13

]]></Node>
<StgValue><ssdm name="specbitsmap_ln0"/></StgValue>
</operation>

<operation id="29" st_id="6" stage="1" lat="1">
<core>NULL</core>
<MemPortIdVec></MemPortIdVec>
<condition id="-1">
<or_exp><and_exp></and_exp></or_exp>
</condition>

<Node id="5" bw="0" op_0_bw="0" op_1_bw="0">
<![CDATA[
:2  call void (...)* @_ssdm_op_SpecTopModule([9 x i8]* @testloop_str) nounwind

]]></Node>
<StgValue><ssdm name="spectopmodule_ln0"/></StgValue>
</operation>

<operation id="30" st_id="6" stage="1" lat="1">
<core>NULL</core>
<MemPortIdVec></MemPortIdVec>
<condition id="-1">
<or_exp><and_exp></and_exp></or_exp>
</condition>

<Node id="7" bw="0" op_0_bw="0" op_1_bw="32" op_2_bw="0" op_3_bw="32" op_4_bw="32" op_5_bw="0" op_6_bw="32" op_7_bw="32" op_8_bw="0" op_9_bw="0" op_10_bw="0" op_11_bw="32" op_12_bw="32" op_13_bw="32" op_14_bw="32" op_15_bw="0" op_16_bw="0">
<![CDATA[
:4  call void (...)* @_ssdm_op_SpecInterface(i32 0, [13 x i8]* @p_str, i32 0, i32 0, [1 x i8]* @p_str1, i32 0, i32 0, [1 x i8]* @p_str1, [1 x i8]* @p_str1, [1 x i8]* @p_str1, i32 0, i32 0, i32 0, i32 0, [1 x i8]* @p_str1, [1 x i8]* @p_str1) nounwind

]]></Node>
<StgValue><ssdm name="specinterface_ln4"/></StgValue>
</operation>

<operation id="31" st_id="6" stage="1" lat="1">
<core>NULL</core>
<MemPortIdVec></MemPortIdVec>
<condition id="-1">
<or_exp><and_exp></and_exp></or_exp>
</condition>

<Node id="8" bw="0" op_0_bw="0" op_1_bw="32" op_2_bw="0" op_3_bw="32" op_4_bw="32" op_5_bw="0" op_6_bw="32" op_7_bw="32" op_8_bw="0" op_9_bw="0" op_10_bw="0" op_11_bw="32" op_12_bw="32" op_13_bw="32" op_14_bw="32" op_15_bw="0" op_16_bw="0">
<![CDATA[
:5  call void (...)* @_ssdm_op_SpecInterface(i32 %A, [10 x i8]* @p_str2, i32 0, i32 0, [1 x i8]* @p_str1, i32 0, i32 0, [1 x i8]* @p_str1, [1 x i8]* @p_str1, [1 x i8]* @p_str1, i32 0, i32 0, i32 0, i32 0, [1 x i8]* @p_str1, [1 x i8]* @p_str1) nounwind

]]></Node>
<StgValue><ssdm name="specinterface_ln6"/></StgValue>
</operation>

<operation id="32" st_id="6" stage="1" lat="1">
<core>NULL</core>
<MemPortIdVec></MemPortIdVec>
<condition id="-1">
<or_exp><and_exp></and_exp></or_exp>
</condition>

<Node id="9" bw="0" op_0_bw="0" op_1_bw="32" op_2_bw="0" op_3_bw="32" op_4_bw="32" op_5_bw="0" op_6_bw="32" op_7_bw="32" op_8_bw="0" op_9_bw="0" op_10_bw="0" op_11_bw="32" op_12_bw="32" op_13_bw="32" op_14_bw="32" op_15_bw="0" op_16_bw="0">
<![CDATA[
:6  call void (...)* @_ssdm_op_SpecInterface(i32* %X, [10 x i8]* @p_str2, i32 0, i32 0, [1 x i8]* @p_str1, i32 0, i32 0, [1 x i8]* @p_str1, [1 x i8]* @p_str1, [1 x i8]* @p_str1, i32 0, i32 0, i32 0, i32 0, [1 x i8]* @p_str1, [1 x i8]* @p_str1) nounwind

]]></Node>
<StgValue><ssdm name="specinterface_ln7"/></StgValue>
</operation>

<operation id="33" st_id="6" stage="1" lat="1">
<core>s_axilite</core>
<MemPortIdVec></MemPortIdVec>
<condition id="-1">
<or_exp><and_exp></and_exp></or_exp>
</condition>

<Node id="29" bw="0" op_0_bw="0" op_1_bw="32" op_2_bw="32">
<![CDATA[
:26  call void @_ssdm_op_Write.s_axilite.i32P(i32* %X, i32 %accum) nounwind

]]></Node>
<StgValue><ssdm name="write_ln14"/></StgValue>
</operation>

<operation id="34" st_id="6" stage="1" lat="1">
<core>NULL</core>
<MemPortIdVec></MemPortIdVec>
<condition id="-1">
<or_exp><and_exp></and_exp></or_exp>
</condition>

<Node id="30" bw="0">
<![CDATA[
:27  ret void

]]></Node>
<StgValue><ssdm name="ret_ln15"/></StgValue>
</operation>
</state>
</state_list>


<ports>
<port id="40" name="A" dir="0" iftype="0">
<core>NULL</core><StgValue><ssdm name="A"/></StgValue>
</port>
<port id="41" name="X" dir="1" iftype="0">
<core>NULL</core><StgValue><ssdm name="X"/></StgValue>
</port>
</ports>


<dataflows>
<dataflow id="43" from="_ssdm_op_Read.s_axilite.i32" to="A_read" fromId="42" toId="7">
</dataflow>
<dataflow id="44" from="A" to="A_read" fromId="40" toId="7">
</dataflow>
<dataflow id="45" from="A_read" to="empty" fromId="7" toId="8">
</dataflow>
<dataflow id="47" from="StgValue_46" to="empty" fromId="46" toId="8">
</dataflow>
<dataflow id="48" from="A_read" to="empty_6" fromId="7" toId="9">
</dataflow>
<dataflow id="49" from="empty" to="smax" fromId="8" toId="10">
</dataflow>
<dataflow id="50" from="empty_6" to="smax" fromId="9" toId="10">
</dataflow>
<dataflow id="52" from="StgValue_51" to="smax" fromId="51" toId="10">
</dataflow>
<dataflow id="53" from="smax" to="smax_cast" fromId="10" toId="11">
</dataflow>
<dataflow id="55" from="StgValue_54" to="add_ln10" fromId="54" toId="12">
</dataflow>
<dataflow id="56" from="smax_cast" to="add_ln10" fromId="11" toId="12">
</dataflow>
<dataflow id="57" from="StgValue_54" to="add_ln10_1" fromId="54" toId="13">
</dataflow>
<dataflow id="58" from="A_read" to="add_ln10_1" fromId="7" toId="13">
</dataflow>
<dataflow id="59" from="smax" to="empty_7" fromId="10" toId="14">
</dataflow>
<dataflow id="60" from="add_ln10" to="empty_8" fromId="12" toId="15">
</dataflow>
<dataflow id="61" from="empty_8" to="mul_ln10" fromId="15" toId="16">
</dataflow>
<dataflow id="62" from="empty_7" to="mul_ln10" fromId="14" toId="16">
</dataflow>
<dataflow id="64" from="_ssdm_op_PartSelect.i32.i33.i32.i32" to="tmp" fromId="63" toId="17">
</dataflow>
<dataflow id="65" from="mul_ln10" to="tmp" fromId="16" toId="17">
</dataflow>
<dataflow id="67" from="StgValue_66" to="tmp" fromId="66" toId="17">
</dataflow>
<dataflow id="69" from="StgValue_68" to="tmp" fromId="68" toId="17">
</dataflow>
<dataflow id="70" from="A_read" to="shl_ln10" fromId="7" toId="18">
</dataflow>
<dataflow id="72" from="StgValue_71" to="shl_ln10" fromId="71" toId="18">
</dataflow>
<dataflow id="73" from="shl_ln10" to="sub_ln10_1" fromId="18" toId="19">
</dataflow>
<dataflow id="74" from="A_read" to="sub_ln10_1" fromId="7" toId="19">
</dataflow>
<dataflow id="75" from="A_read" to="mul_ln10_2" fromId="7" toId="20">
</dataflow>
<dataflow id="76" from="add_ln10_1" to="mul_ln10_2" fromId="13" toId="20">
</dataflow>
<dataflow id="78" from="_ssdm_op_PartSelect.i31.i32.i32.i32" to="trunc_ln" fromId="77" toId="21">
</dataflow>
<dataflow id="79" from="mul_ln10_2" to="trunc_ln" fromId="20" toId="21">
</dataflow>
<dataflow id="80" from="StgValue_66" to="trunc_ln" fromId="66" toId="21">
</dataflow>
<dataflow id="82" from="StgValue_81" to="trunc_ln" fromId="81" toId="21">
</dataflow>
<dataflow id="83" from="sub_ln10_1" to="mul_ln10_1" fromId="19" toId="22">
</dataflow>
<dataflow id="84" from="tmp" to="mul_ln10_1" fromId="17" toId="22">
</dataflow>
<dataflow id="85" from="trunc_ln" to="mul_ln10_3" fromId="21" toId="23">
</dataflow>
<dataflow id="86" from="smax" to="mul_ln10_3" fromId="10" toId="23">
</dataflow>
<dataflow id="88" from="_ssdm_op_BitConcatenate.i32.i31.i1" to="shl_ln10_1" fromId="87" toId="24">
</dataflow>
<dataflow id="89" from="mul_ln10_3" to="shl_ln10_1" fromId="23" toId="24">
</dataflow>
<dataflow id="91" from="StgValue_90" to="shl_ln10_1" fromId="90" toId="24">
</dataflow>
<dataflow id="92" from="mul_ln10_1" to="sub_ln10" fromId="22" toId="25">
</dataflow>
<dataflow id="93" from="shl_ln10_1" to="sub_ln10" fromId="24" toId="25">
</dataflow>
<dataflow id="94" from="A_read" to="accum" fromId="7" toId="26">
</dataflow>
<dataflow id="95" from="sub_ln10" to="accum" fromId="25" toId="26">
</dataflow>
<dataflow id="97" from="_ssdm_op_SpecBitsMap" to="specbitsmap_ln0" fromId="96" toId="27">
</dataflow>
<dataflow id="98" from="A" to="specbitsmap_ln0" fromId="40" toId="27">
</dataflow>
<dataflow id="99" from="_ssdm_op_SpecBitsMap" to="specbitsmap_ln0" fromId="96" toId="28">
</dataflow>
<dataflow id="100" from="X" to="specbitsmap_ln0" fromId="41" toId="28">
</dataflow>
<dataflow id="102" from="_ssdm_op_SpecTopModule" to="spectopmodule_ln0" fromId="101" toId="29">
</dataflow>
<dataflow id="104" from="testloop_str" to="spectopmodule_ln0" fromId="103" toId="29">
</dataflow>
<dataflow id="106" from="_ssdm_op_SpecInterface" to="specinterface_ln4" fromId="105" toId="30">
</dataflow>
<dataflow id="107" from="StgValue_46" to="specinterface_ln4" fromId="46" toId="30">
</dataflow>
<dataflow id="109" from="p_str" to="specinterface_ln4" fromId="108" toId="30">
</dataflow>
<dataflow id="110" from="StgValue_46" to="specinterface_ln4" fromId="46" toId="30">
</dataflow>
<dataflow id="111" from="StgValue_46" to="specinterface_ln4" fromId="46" toId="30">
</dataflow>
<dataflow id="113" from="p_str1" to="specinterface_ln4" fromId="112" toId="30">
</dataflow>
<dataflow id="114" from="StgValue_46" to="specinterface_ln4" fromId="46" toId="30">
</dataflow>
<dataflow id="115" from="StgValue_46" to="specinterface_ln4" fromId="46" toId="30">
</dataflow>
<dataflow id="116" from="p_str1" to="specinterface_ln4" fromId="112" toId="30">
</dataflow>
<dataflow id="117" from="p_str1" to="specinterface_ln4" fromId="112" toId="30">
</dataflow>
<dataflow id="118" from="p_str1" to="specinterface_ln4" fromId="112" toId="30">
</dataflow>
<dataflow id="119" from="StgValue_46" to="specinterface_ln4" fromId="46" toId="30">
</dataflow>
<dataflow id="120" from="StgValue_46" to="specinterface_ln4" fromId="46" toId="30">
</dataflow>
<dataflow id="121" from="StgValue_46" to="specinterface_ln4" fromId="46" toId="30">
</dataflow>
<dataflow id="122" from="StgValue_46" to="specinterface_ln4" fromId="46" toId="30">
</dataflow>
<dataflow id="123" from="p_str1" to="specinterface_ln4" fromId="112" toId="30">
</dataflow>
<dataflow id="124" from="p_str1" to="specinterface_ln4" fromId="112" toId="30">
</dataflow>
<dataflow id="125" from="_ssdm_op_SpecInterface" to="specinterface_ln6" fromId="105" toId="31">
</dataflow>
<dataflow id="126" from="A" to="specinterface_ln6" fromId="40" toId="31">
</dataflow>
<dataflow id="128" from="p_str2" to="specinterface_ln6" fromId="127" toId="31">
</dataflow>
<dataflow id="129" from="StgValue_46" to="specinterface_ln6" fromId="46" toId="31">
</dataflow>
<dataflow id="130" from="StgValue_46" to="specinterface_ln6" fromId="46" toId="31">
</dataflow>
<dataflow id="131" from="p_str1" to="specinterface_ln6" fromId="112" toId="31">
</dataflow>
<dataflow id="132" from="StgValue_46" to="specinterface_ln6" fromId="46" toId="31">
</dataflow>
<dataflow id="133" from="StgValue_46" to="specinterface_ln6" fromId="46" toId="31">
</dataflow>
<dataflow id="134" from="p_str1" to="specinterface_ln6" fromId="112" toId="31">
</dataflow>
<dataflow id="135" from="p_str1" to="specinterface_ln6" fromId="112" toId="31">
</dataflow>
<dataflow id="136" from="p_str1" to="specinterface_ln6" fromId="112" toId="31">
</dataflow>
<dataflow id="137" from="StgValue_46" to="specinterface_ln6" fromId="46" toId="31">
</dataflow>
<dataflow id="138" from="StgValue_46" to="specinterface_ln6" fromId="46" toId="31">
</dataflow>
<dataflow id="139" from="StgValue_46" to="specinterface_ln6" fromId="46" toId="31">
</dataflow>
<dataflow id="140" from="StgValue_46" to="specinterface_ln6" fromId="46" toId="31">
</dataflow>
<dataflow id="141" from="p_str1" to="specinterface_ln6" fromId="112" toId="31">
</dataflow>
<dataflow id="142" from="p_str1" to="specinterface_ln6" fromId="112" toId="31">
</dataflow>
<dataflow id="143" from="_ssdm_op_SpecInterface" to="specinterface_ln7" fromId="105" toId="32">
</dataflow>
<dataflow id="144" from="X" to="specinterface_ln7" fromId="41" toId="32">
</dataflow>
<dataflow id="145" from="p_str2" to="specinterface_ln7" fromId="127" toId="32">
</dataflow>
<dataflow id="146" from="StgValue_46" to="specinterface_ln7" fromId="46" toId="32">
</dataflow>
<dataflow id="147" from="StgValue_46" to="specinterface_ln7" fromId="46" toId="32">
</dataflow>
<dataflow id="148" from="p_str1" to="specinterface_ln7" fromId="112" toId="32">
</dataflow>
<dataflow id="149" from="StgValue_46" to="specinterface_ln7" fromId="46" toId="32">
</dataflow>
<dataflow id="150" from="StgValue_46" to="specinterface_ln7" fromId="46" toId="32">
</dataflow>
<dataflow id="151" from="p_str1" to="specinterface_ln7" fromId="112" toId="32">
</dataflow>
<dataflow id="152" from="p_str1" to="specinterface_ln7" fromId="112" toId="32">
</dataflow>
<dataflow id="153" from="p_str1" to="specinterface_ln7" fromId="112" toId="32">
</dataflow>
<dataflow id="154" from="StgValue_46" to="specinterface_ln7" fromId="46" toId="32">
</dataflow>
<dataflow id="155" from="StgValue_46" to="specinterface_ln7" fromId="46" toId="32">
</dataflow>
<dataflow id="156" from="StgValue_46" to="specinterface_ln7" fromId="46" toId="32">
</dataflow>
<dataflow id="157" from="StgValue_46" to="specinterface_ln7" fromId="46" toId="32">
</dataflow>
<dataflow id="158" from="p_str1" to="specinterface_ln7" fromId="112" toId="32">
</dataflow>
<dataflow id="159" from="p_str1" to="specinterface_ln7" fromId="112" toId="32">
</dataflow>
<dataflow id="161" from="_ssdm_op_Write.s_axilite.i32P" to="write_ln14" fromId="160" toId="33">
</dataflow>
<dataflow id="162" from="X" to="write_ln14" fromId="41" toId="33">
</dataflow>
<dataflow id="163" from="accum" to="write_ln14" fromId="26" toId="33">
</dataflow>
</dataflows>


</stg>
