<annotationInfo>
<annotationInfo>
<item  id="10" filename="HLS_source_code/testloop.cpp" linenumber="3" name="empty" contextFuncName="testloop" moduleName="testloop" rtlName="empty_fu_57_p2" latency="0" BRAM="-1" DSP="-1" FF="0" LUT="18" fileDirectory="D:\FPGA\Lab2_testloop"><\/item>
<item  id="11" filename="HLS_source_code/testloop.cpp" linenumber="3" name="empty_6" contextFuncName="testloop" moduleName="testloop" rtlName="empty_6_fu_63_p1" latency="0" BRAM="-1" DSP="-1" FF="-1" LUT="-1" fileDirectory="D:\FPGA\Lab2_testloop"><\/item>
<item  id="12" filename="HLS_source_code/testloop.cpp" linenumber="3" name="smax" contextFuncName="testloop" moduleName="testloop" rtlName="smax_fu_67_p3" latency="0" BRAM="-1" DSP="-1" FF="0" LUT="31" fileDirectory="D:\FPGA\Lab2_testloop"><\/item>
<item  id="13" filename="HLS_source_code/testloop.cpp" linenumber="3" name="smax_cast" contextFuncName="testloop" moduleName="testloop" rtlName="smax_cast_fu_75_p1" latency="0" BRAM="-1" DSP="-1" FF="-1" LUT="-1" fileDirectory="D:\FPGA\Lab2_testloop"><\/item>
<item  id="14" filename="HLS_source_code/testloop.cpp" linenumber="3" name="empty_7" contextFuncName="testloop" moduleName="testloop" rtlName="mul_ln10_fu_97_p10" latency="0" BRAM="-1" DSP="-1" FF="-1" LUT="-1" fileDirectory="D:\FPGA\Lab2_testloop"><\/item>
<item  id="15" filename="HLS_source_code/testloop.cpp" linenumber="10" name="add_ln10" contextFuncName="testloop" moduleName="testloop" rtlName="add_ln10_fu_79_p2" latency="0" BRAM="-1" DSP="-1" FF="0" LUT="39" fileDirectory="D:\FPGA\Lab2_testloop"><\/item>
<item  id="16" filename="HLS_source_code/testloop.cpp" linenumber="10" name="empty_8" contextFuncName="testloop" moduleName="testloop" rtlName="mul_ln10_fu_97_p00" latency="0" BRAM="-1" DSP="-1" FF="-1" LUT="-1" fileDirectory="D:\FPGA\Lab2_testloop"><\/item>
<item  id="17" filename="HLS_source_code/testloop.cpp" linenumber="10" name="mul_ln10" contextFuncName="testloop" moduleName="testloop" rtlName="mul_ln10_fu_97_p2" latency="0" BRAM="-1" DSP="3" FF="0" LUT="20" fileDirectory="D:\FPGA\Lab2_testloop"><\/item>
<item  id="18" filename="HLS_source_code/testloop.cpp" linenumber="10" name="tmp" contextFuncName="testloop" moduleName="testloop" rtlName="tmp_reg_185" latency="0" BRAM="-1" DSP="-1" FF="-1" LUT="-1" fileDirectory="D:\FPGA\Lab2_testloop"><\/item>
<item  id="19" filename="HLS_source_code/testloop.cpp" linenumber="10" name="shl_ln10" contextFuncName="testloop" moduleName="testloop" rtlName="shl_ln10_fu_113_p2" latency="0" BRAM="-1" DSP="-1" FF="-1" LUT="-1" fileDirectory="D:\FPGA\Lab2_testloop"><\/item>
<item  id="20" filename="HLS_source_code/testloop.cpp" linenumber="10" name="sub_ln10_1" contextFuncName="testloop" moduleName="testloop" rtlName="sub_ln10_1_fu_118_p2" latency="0" BRAM="-1" DSP="-1" FF="0" LUT="39" fileDirectory="D:\FPGA\Lab2_testloop"><\/item>
<item  id="21" filename="HLS_source_code/testloop.cpp" linenumber="10" name="mul_ln10_1" contextFuncName="testloop" moduleName="testloop" rtlName="mul_ln10_1_fu_137_p2" latency="0" BRAM="-1" DSP="3" FF="0" LUT="20" fileDirectory="D:\FPGA\Lab2_testloop"><\/item>
<item  id="22" filename="HLS_source_code/testloop.cpp" linenumber="10" name="add_ln10_1" contextFuncName="testloop" moduleName="testloop" rtlName="add_ln10_1_fu_85_p2" latency="0" BRAM="-1" DSP="-1" FF="0" LUT="39" fileDirectory="D:\FPGA\Lab2_testloop"><\/item>
<item  id="23" filename="HLS_source_code/testloop.cpp" linenumber="10" name="mul_ln10_2" contextFuncName="testloop" moduleName="testloop" rtlName="mul_ln10_2_fu_123_p2" latency="0" BRAM="-1" DSP="3" FF="0" LUT="20" fileDirectory="D:\FPGA\Lab2_testloop"><\/item>
<item  id="24" filename="HLS_source_code/testloop.cpp" linenumber="10" name="trunc_ln" contextFuncName="testloop" moduleName="testloop" rtlName="trunc_ln_reg_195" latency="0" BRAM="-1" DSP="-1" FF="-1" LUT="-1" fileDirectory="D:\FPGA\Lab2_testloop"><\/item>
<item  id="25" filename="HLS_source_code/testloop.cpp" linenumber="10" name="mul_ln10_3" contextFuncName="testloop" moduleName="testloop" rtlName="mul_ln10_3_fu_141_p2" latency="0" BRAM="-1" DSP="3" FF="0" LUT="24" fileDirectory="D:\FPGA\Lab2_testloop"><\/item>
<item  id="26" filename="HLS_source_code/testloop.cpp" linenumber="10" name="shl_ln10_1" contextFuncName="testloop" moduleName="testloop" rtlName="shl_ln10_1_fu_145_p3" latency="0" BRAM="-1" DSP="-1" FF="-1" LUT="-1" fileDirectory="D:\FPGA\Lab2_testloop"><\/item>
<item  id="27" filename="HLS_source_code/testloop.cpp" linenumber="10" name="sub_ln10" contextFuncName="testloop" moduleName="testloop" rtlName="sub_ln10_fu_152_p2" latency="0" BRAM="-1" DSP="-1" FF="0" LUT="39" fileDirectory="D:\FPGA\Lab2_testloop"><\/item>
<item  id="28" filename="HLS_source_code/testloop.cpp" linenumber="13" name="accum" contextFuncName="testloop" moduleName="testloop" rtlName="accum_fu_157_p2" latency="0" BRAM="-1" DSP="3" FF="0" LUT="20" fileDirectory="D:\FPGA\Lab2_testloop"><\/item>
<\/annotationInfo>
</annotationInfo>
