<profile>

<section name = "Vivado HLS Report for 'testloop'" level="0">
<item name = "Date">Thu Aug  4 16:10:13 2022
</item>
<item name = "Version">2019.1 (Build 2552052 on Fri May 24 15:28:33 MDT 2019)</item>
<item name = "Project">hls_project</item>
<item name = "Solution">solution1</item>
<item name = "Product family">zynq</item>
<item name = "Target device">xc7z020-clg400-1</item>
</section>

<section name = "Performance Estimates" level="0">
<item name = "Timing (ns)">
<section name = "" level="1">
<item name = "Summary"><table name="" hasTotal="0">
<keys size="4">Clock, Target, Estimated, Uncertainty</keys>
<column name="ap_clk">10.00, 8.510, 1.25</column>
</table>
</item>
</section>
</item>
<item name = "Latency (clock cycles)">
<section name = "" level="1">
<item name = "Summary"><table name="" hasTotal="0">
<keys size="6">, min, max, min, max, Type</keys>
<column name="">5, 5, 5, 5, none</column>
</table>
</item>
<item name = "Detail">
<section name = "" level="1">
<item name = "Instance"><table name="" hasTotal="0">
<keys size="7">Instance, Module, min, max, min, max, Type</keys>
</table>
</item>
<item name = "Loop"><table name="" hasTotal="0">
<keys size="8">Loop Name, min, max, Latency, achieved, target, Count, Pipelined</keys>
</table>
</item>
</section>
</item>
</section>
</item>
</section>

<section name = "Utilization Estimates" level="0">
<item name = "Summary"><table name="" hasTotal="1">
<keys size="6">Name, BRAM_18K, DSP48E, FF, LUT, URAM</keys>
<column name="DSP">-, -, -, -, -</column>
<column name="Expression">-, 15, 0, 309, -</column>
<column name="FIFO">-, -, -, -, -</column>
<column name="Instance">0, -, 106, 168, -</column>
<column name="Memory">-, -, -, -, -</column>
<column name="Multiplexer">-, -, -, 38, -</column>
<column name="Register">-, -, 355, -, -</column>
<specialColumn name="Available">280, 220, 106400, 53200, 0</specialColumn>
<specialColumn name="Utilization (%)">0, 6, ~0, ~0, 0</specialColumn>
</table>
</item>
<item name = "Detail">
<section name = "" level="1">
<item name = "Instance"><table name="" hasTotal="1">
<keys size="7">Instance, Module, BRAM_18K, DSP48E, FF, LUT, URAM</keys>
<column name="testloop_AXILiteS_s_axi_U">testloop_AXILiteS_s_axi, 0, 0, 106, 168, 0</column>
</table>
</item>
<item name = "DSP48E"><table name="" hasTotal="0">
<keys size="3">Instance, Module, Expression</keys>
</table>
</item>
<item name = "Memory"><table name="" hasTotal="1">
<keys size="10">Memory, Module, BRAM_18K, FF, LUT, URAM, Words, Bits, Banks, W*Bits*Banks</keys>
</table>
</item>
<item name = "FIFO"><table name="" hasTotal="1">
<keys size="8">Name, BRAM_18K, FF, LUT, URAM, Depth, Bits, Size:D*B</keys>
</table>
</item>
<item name = "Expression"><table name="" hasTotal="1">
<keys size="7">Variable Name, Operation, DSP48E, FF, LUT, Bitwidth P0, Bitwidth P1</keys>
<column name="accum_fu_157_p2">*, 3, 0, 20, 32, 32</column>
<column name="mul_ln10_1_fu_137_p2">*, 3, 0, 20, 32, 32</column>
<column name="mul_ln10_2_fu_123_p2">*, 3, 0, 20, 32, 32</column>
<column name="mul_ln10_3_fu_141_p2">*, 3, 0, 24, 31, 31</column>
<column name="mul_ln10_fu_97_p2">*, 3, 0, 20, 32, 31</column>
<column name="add_ln10_1_fu_85_p2">+, 0, 0, 39, 2, 32</column>
<column name="add_ln10_fu_79_p2">+, 0, 0, 39, 2, 32</column>
<column name="sub_ln10_1_fu_118_p2">-, 0, 0, 39, 32, 32</column>
<column name="sub_ln10_fu_152_p2">-, 0, 0, 39, 32, 32</column>
<column name="empty_fu_57_p2">icmp, 0, 0, 18, 32, 1</column>
<column name="smax_fu_67_p3">select, 0, 0, 31, 1, 31</column>
</table>
</item>
<item name = "Multiplexer"><table name="" hasTotal="1">
<keys size="5">Name, LUT, Input Size, Bits, Total Bits</keys>
<column name="ap_NS_fsm">38, 7, 1, 7</column>
</table>
</item>
<item name = "Register"><table name="" hasTotal="1">
<keys size="5">Name, FF, LUT, Bits, Const Bits</keys>
<column name="A_read_reg_161">32, 0, 32, 0</column>
<column name="accum_reg_215">32, 0, 32, 0</column>
<column name="add_ln10_1_reg_180">32, 0, 32, 0</column>
<column name="add_ln10_reg_175">32, 0, 32, 0</column>
<column name="ap_CS_fsm">6, 0, 6, 0</column>
<column name="mul_ln10_1_reg_200">32, 0, 32, 0</column>
<column name="mul_ln10_3_reg_205">31, 0, 31, 0</column>
<column name="smax_reg_169">31, 0, 31, 0</column>
<column name="sub_ln10_1_reg_190">32, 0, 32, 0</column>
<column name="sub_ln10_reg_210">32, 0, 32, 0</column>
<column name="tmp_reg_185">32, 0, 32, 0</column>
<column name="trunc_ln_reg_195">31, 0, 31, 0</column>
</table>
</item>
</section>
</item>
</section>

<section name = "Interface" level="0">
<item name = "Summary"><table name="" hasTotal="0">
<keys size="6">RTL Ports, Dir, Bits, Protocol, Source Object, C Type</keys>
<column name="s_axi_AXILiteS_AWVALID">in, 1, s_axi, AXILiteS, pointer</column>
<column name="s_axi_AXILiteS_AWREADY">out, 1, s_axi, AXILiteS, pointer</column>
<column name="s_axi_AXILiteS_AWADDR">in, 5, s_axi, AXILiteS, pointer</column>
<column name="s_axi_AXILiteS_WVALID">in, 1, s_axi, AXILiteS, pointer</column>
<column name="s_axi_AXILiteS_WREADY">out, 1, s_axi, AXILiteS, pointer</column>
<column name="s_axi_AXILiteS_WDATA">in, 32, s_axi, AXILiteS, pointer</column>
<column name="s_axi_AXILiteS_WSTRB">in, 4, s_axi, AXILiteS, pointer</column>
<column name="s_axi_AXILiteS_ARVALID">in, 1, s_axi, AXILiteS, pointer</column>
<column name="s_axi_AXILiteS_ARREADY">out, 1, s_axi, AXILiteS, pointer</column>
<column name="s_axi_AXILiteS_ARADDR">in, 5, s_axi, AXILiteS, pointer</column>
<column name="s_axi_AXILiteS_RVALID">out, 1, s_axi, AXILiteS, pointer</column>
<column name="s_axi_AXILiteS_RREADY">in, 1, s_axi, AXILiteS, pointer</column>
<column name="s_axi_AXILiteS_RDATA">out, 32, s_axi, AXILiteS, pointer</column>
<column name="s_axi_AXILiteS_RRESP">out, 2, s_axi, AXILiteS, pointer</column>
<column name="s_axi_AXILiteS_BVALID">out, 1, s_axi, AXILiteS, pointer</column>
<column name="s_axi_AXILiteS_BREADY">in, 1, s_axi, AXILiteS, pointer</column>
<column name="s_axi_AXILiteS_BRESP">out, 2, s_axi, AXILiteS, pointer</column>
<column name="ap_clk">in, 1, ap_ctrl_none, testloop, return value</column>
<column name="ap_rst_n">in, 1, ap_ctrl_none, testloop, return value</column>
</table>
</item>
</section>
</profile>
